title,image_url,description,start_date,end_date,category,shop,address,phone,offer_url
"Trenty Treat: Up to 50% off on selected items, online only at Spring & Summer",https://mypromo.azureedge.net/promotions/mypromo-0280136860bd41c3b0c0623919898883.jpg,Offer ends 31st May! T&C apply.,14/05/2025,31/05/2025,Fashion,Spring & Summer,"No. 484, Negombo Road",94114362611,https://www.mypromo.lk/springandsummer/promotion/22557/trenty-treat-up-to-50-off-on-selected-items-online-only-at-spring--summer
Enjoy a 20% saving with your favourite credit card at Indian Affair,https://mypromo.azureedge.net/promotions/mypromo-c00f41a772894010b85ec02461e47984.jpg,Valid only for takeaway orders. T&C apply,14/05/2025,30/06/2025,Food,Indian Affair,57 D. S. Fonseka Rd,94740204160,https://www.mypromo.lk/indian-affair/promotion/22554/enjoy-a-20-saving-with-your-favourite-credit-card-at-indian-affair
15% off on Visa Cards for dine-in & take away at Mitsis Delicacies,https://mypromo.azureedge.net/promotions/mypromo-657cfee48bdc4e7aa1f16ddf2a155a78.jpg,"Sweeten your Thursdays with 15% OFF!Treat yourself at Mitsiâ€™s Delicacies with your Visa Card and enjoy 15% off on dine-in & take-away â€” every Thursday from April 3rd to September 25th, 2025.Indulgence made even better with savings!(Terms and Conditions apply)",3/4/2025,25/09/2025,Food,Mitsis Delicacies,"No. 34A, Bagatalle Rd",94777163090,https://www.mypromo.lk/mitsisdelicacies/promotion/22555/15-off-on-visa-cards-for-dine-in--take-away-at-mitsis-delicacies
Style up & Save Big at NOLIMIT,https://mypromo.azureedge.net/promotions/mypromo-cafcf20c879b45b2845d70f52c1b34ea.jpg,Buy 2 & Get 10% OFF | Buy 3 & Get 15% OFF on selected items.,14/05/2025,15/06/2025,Fashion,NOLIMIT,Galle Road,+94 112 587 812,https://www.mypromo.lk/nolimit/promotion/22556/style-up--save-big-at-nolimit
Lasagna Monday at Keells,https://mypromo.azureedge.net/promotions/mypromo-1a2d0c0ffa6142a7bc6e0f72b076e60e.jpg,"Creamy, cheesy Chicken Lasagna is just what you need! Packed with rich flavours and available for only Rs. 549, it's the perfect comfort food.Best restaurants near me",11/5/2025,26/05/2025,Food,Keells,"No.148, Vaxuhall Street",94112303500,https://www.mypromo.lk/keellssuper/promotion/22548/lasagna-monday-at-keells
Double Delight offer at Keells,https://mypromo.azureedge.net/promotions/mypromo-ede7f26189dd4fbb85ab25c693aeb4ff.jpg,Treat yourself to 2 delicious Crispy Chicken Burgers or Chicken Burgers for only Rs. 999 (was Rs. 1380)!,11/5/2025,27/05/2025,Food,Keells,"No.148, Vaxuhall Street",94112303500,https://www.mypromo.lk/keellssuper/promotion/22549/double-delight-offer-at-keells
Grab 2 Chocolate Muffins for just Rs. 400 at Keells,https://mypromo.azureedge.net/promotions/mypromo-bb9d09888e054e40875f6f265656a297.jpg,"*Valid every Tuesday till 27th May, 2025.*Items are subjected to availability.*Promotion can be stopped or changed without prior notice.*Terms & conditions apply",11/5/2025,27/05/2025,Food,Keells,"No.148, Vaxuhall Street",94112303500,https://www.mypromo.lk/keellssuper/promotion/22550/grab-2-chocolate-muffins-for-just-rs-400-at-keells
Wednesday with a crispy treat at Keells,https://mypromo.azureedge.net/promotions/mypromo-dc552042418a4e2385d6910cfa530b70.jpg,Enjoy our special offer on chicken wings:12 pcs for Rs. 1170 (was Rs. 1690)6 pcs for Rs. 590 (was Rs. 890),11/5/2025,28/05/2025,Food,Keells,"No.148, Vaxuhall Street",94112303500,https://www.mypromo.lk/keellssuper/promotion/22551/wednesday-with-a-crispy-treat-at-keells
Buy one Get one free at Sheraton Colombo Hotel,https://mypromo.azureedge.net/promotions/mypromo-bf1d51816cbb498fa8e971388613e197.jpg,"Double the delight at International Dinner Buffet at Sheraton Colombo!From 12th to 16th May, enjoyÂ Buy one Get one free exclusive offer and indulge in a world of flavors for just LKR 8,000 nett per person.7:00 PM â€“ 10:30 PMColombo Kitchen, Sheraton ColomboBook your table: +94 77 389 4097",12/5/2025,16/05/2025,Food,Sheraton Colombo Hotel,"265 Galle Rd, Colombo 00300, Sri Lanka",0117 678 000,https://www.mypromo.lk/sheraton-colombo-hotel/promotion/22545/buy-one-get-one-free-at-sheraton-colombo-hotel
"Enjoy exclusive savings with BOC, HNB, Commercial Bank and NTB at Baskin Robbins",https://mypromo.azureedge.net/promotions/mypromo-e11b815968214ca281d49b8cf65f103b.jpg,"Get up to 25% OFF with your credit card and up to 15% OFF with your debit card when you dine at Baskin Robbins!Enjoy exclusive savings from May 1st to 31st with BOC, HNB, Commercial Bank and NTB.Wednesday - BOCThursday - HNBFriday - Commercial BankSunday - NTBValid only for Dine-in and takeaway orders.*T&C apply",1/5/2025,31/05/2025,Food,Baskin Robbins,"No. 362, Galle Road",94112573574,https://www.mypromo.lk/baskinrobbins/promotion/22544/enjoy-exclusive-savings-with-boc-hnb-commercial-bank-and-ntb-at-baskin-robbins
"Enjoy exclusive savings with BOC, HNB, Commercial Bank and NTB at Delifrance",https://mypromo.azureedge.net/promotions/mypromo-c431ebe89dd54d1ab78b633ab80a2307.jpg,"Get up to 25% OFF with your credit card and up to 15% OFF with your debit card when you dine at Delifrance!Enjoy exclusive savings from May 1st to 31st with BOC, HNB, Commercial Bank and NTB.Wednesday - BOCThursday - HNBFriday - Commercial BankSunday - NTBValid only for Dine-in and takeaway orders.*T&C apply",1/5/2025,30/05/2025,Food,Delifrance,"No. 5, Alexandra Place",94112676860,https://www.mypromo.lk/delifrance/promotion/22541/enjoy-exclusive-savings-with-boc-hnb-commercial-bank-and-ntb-at-delifrance
"Enjoy exclusive savings with BOC, HNB, Commercial Bank and NTB at Crystal Jade",https://mypromo.azureedge.net/promotions/mypromo-69bf30dc1c7942649310cb4c718fc3e2.jpg,"Get up to 25% OFF with your credit card and up to 15% OFF with your debit card when you dine at Crystal Jade!Enjoy exclusive savings from May 1st to 31st with BOC, HNB, Commercial Bank and NTB.Wednesday - BOCThursday - HNBFriday - Commercial BankSunday - NTBValid only for Dine-in and takeaway orders.*T&C apply",1/5/2025,31/05/2025,Food,Crystal Jade,"1a Galle Face Center Rd, Colombo 00200, Sri Lanka",0112 044 490,https://www.mypromo.lk/crystal-jade/promotion/22529/enjoy-exclusive-savings-with-boc-hnb-commercial-bank-and-ntb-at-crystal-jade
"Enjoy exclusive savings with BOC, HNB, Commercial Bank and NTB at Popeyes Sri Lanka",https://mypromo.azureedge.net/promotions/mypromo-ae71e9b1196247f885547dd2a20b4815.jpg,"Get up to 25% OFF with your credit card and up to 15% OFF with your debit card when you dine at Popeyes!Enjoy exclusive savings from May 1st to 31st with BOC, HNB, Commercial Bank and NTB.Wednesday - BOCThursday - HNBFriday - Commercial BankSunday - NTBValid only for Dine-in and takeaway orders.*T&C apply",1/5/2025,31/05/2025,Food,Popeyes Sri Lanka,282 Galle Rd,+94 115 123 123,https://www.mypromo.lk/popeyeslk/promotion/22531/enjoy-exclusive-savings-with-boc-hnb-commercial-bank-and-ntb-at-popeyes-sri-lanka
"Enjoy exclusive savings with BOC, HNB, Commercial Bank and NTB at Burger King",https://mypromo.azureedge.net/promotions/mypromo-3ef72f250d914df5bd24fe9c89cce08e.jpg,"et up to 25% OFF with your credit card and up to 15% OFF with your debit card when you dine at Burger King!Enjoy exclusive savings from May 1st to 31st with BOC, HNB, Commercial Bank and NTB.Wednesday - BOCThursday - HNBFriday - Commercial BankSunday - NTBValid only for Dine-in and takeaway orders.*T&C apply",1/5/2025,31/05/2025,Food,Burger King,"No. 283, Galle Road",94115123123,https://www.mypromo.lk/burgerking/promotion/22532/enjoy-exclusive-savings-with-boc-hnb-commercial-bank-and-ntb-at-burger-king
"Enjoy 20% Savings at Fullâ€™r Burgers, Solo Bowl & Indian Affair with DFCC Credit Cards",https://mypromo.azureedge.net/promotions/mypromo-4bf79cb40d434c5293af38e7362fd541.jpg,"Offer valid every Thursday & Friday.Valid up to a maximum bill value of LKR10,000/- per cardholder, per day.",1/5/2025,27/06/2025,Banks,DFCC Bank PLC,"No. 73/5, Galle Road",94112442442,https://www.mypromo.lk/dfccbank/promotion/22519/enjoy-20-savings-at-fullâ€™r-burgers-solo-bowl--indian-affair-with-dfcc-credit-cards
Urban Daycation at Courtyard by Marriott Colombo,https://mypromo.azureedge.net/promotions/mypromo-213cd5d6b95d46119bb78a8d61cc4559.jpg,"City Centre, 137 Muttiah Rd, Colombo 00200, Sri Lanka",8/5/2025,31/05/2025,Hotels & Accommodation,Courtyard by Marriott Colombo,"City Centre, 137 Muttiah Rd, Colombo 00200, Sri Lanka",0117 734 400,https://www.mypromo.lk/courtyard-by-marriott-colombo/promotion/22499/urban-daycation-at-courtyard-by-marriott-colombo
Get 50% CASHBACK on ALL purchases at Scope Cinemas with your HSBC Live+ Credit Card,https://mypromo.azureedge.net/promotions/mypromo-654a72274a414d9e80048919ac31e47d.jpg,"Enjoy up to LKR 8,000 off per month on both online and over-the-counter bookings at all Scope Cinemas locations.Offer valid NOW from 20th April to 31st June 2025!Exclusively for HSBC Live+ Credit Cardholders.Don't miss out on this incredible deal!*Terms and conditions apply.Visit the Deals And Exclusives section of our website for more details.",8/5/2025,30/06/2025,Entertainment,Scope Cinema,"No. 35 , Srimath Anagarika Dharmapala Mawatha",94112325266,https://www.mypromo.lk/scopecinema/promotion/22505/get-50-cashback-on-all-purchases-at-scope-cinemas-with-your-hsbc-live-credit-card
CYBER THURSDAY at Chinese Dragon Cafe,https://mypromo.azureedge.net/promotions/mypromo-5dd90bdb35264f44813cd3078414679f.jpg,"Get a sizzling 25% OFF on your A la carte orders above Rs.3000!Just use promo code: CT25 when you order online.Valid on: 8th, 15th, 22nd & 29th May",8/5/2025,29/05/2025,Food,Chinese Dragon Cafe,"No. 11, Miligiriya Avenue",94117808080,https://www.mypromo.lk/chinesedragoncafe/promotion/22509/cyber-thursday-at-chinese-dragon-cafe
Enjoy 20% off your bookings at Ayana sea for the month of May,https://mypromo.azureedge.net/promotions/mypromo-b1793b3358b441a19ab48b6585b0d96b.jpg,"150, 12 Samanthara Rd, Wadduwa 12560, Sri Lanka",4/5/2025,20/05/2025,Hotels & Accommodation,Ayana Sea,"150, 12 Samanthara Rd, Wadduwa 12560, Sri Lanka",0382 282 885,https://www.mypromo.lk/ayana-sea/promotion/22474/enjoy-20-off-your-bookings-at-ayana-sea-for-the-month-of-may
Indulge in a Beachfront Escape with 40% Savings Exclusively for credit card holders at Occidental Eden Beruwala,https://mypromo.azureedge.net/promotions/mypromo-9a0d8f050a2a4b32b1e458f315587962.jpg,Unwind at Occidental Eden Beruwala where golden sands and tranquil waters set the scene for total relaxationLKR 24000 nett per person on double sharing basis per nightThis is the discounted rate inclusive of the 40 percent savingsOffer valid until 30 June 2025For more details visit us onwww.brownshotels.com,7/5/2025,30/06/2025,Hotels & Accommodation,Occidental Eden Beruwala,"Colombo - Galle - Hambantota - Wellawaya Hwy, Beruwala 12070, Sri Lanka",0345 888 888,https://www.mypromo.lk/occidental-eden-beruwala/promotion/22475/indulge-in-a-beachfront-escape-with-40-savings-exclusively-for-credit-card-holders-at-occidental-eden-beruwala
Enjoy 25% OFF on Lunch & Dinner at Graze Kitchen and Emperorâ€™s Wok at Hilton Colombo with your HNB Credit Card,https://mypromo.azureedge.net/promotions/mypromo-f8ea21a04ef04a4c8049dfa9d563537a.jpg,"No. 2, Sir Chittampalam A Gardiner Mawatha",7/5/2025,31/05/2025,Food,The Hilton Colombo,"No. 2, Sir Chittampalam A Gardiner Mawatha",94112492492,https://www.mypromo.lk/hiltoncolombo/promotion/22476/enjoy-25-off-on-lunch--dinner-at-graze-kitchen-and-emperorâ€™s-wok-at-hilton-colombo-with-your-hnb-credit-card
Bring your mother and you both enjoy 20% OFF on Treatments at Lush Skin Clinique,https://mypromo.azureedge.net/promotions/mypromo-4e8c838811d7485a8ca4dc8873dd35c9.jpg,Valid from 7th to 17th MayBecause she deserves to feel as beautiful as she is.Please call us on the below numbers to book your consultation.Lush Battaramulla- 0776641482,7/5/2025,17/05/2025,Beauty,Lush Skin Clinic,"1100, 4 B47, Sri Jayawardenepura Kotte 10120, Sri Lanka",0112 889 922,https://www.mypromo.lk/lush-skin-clinic/promotion/22477/bring-your-mother-and-you-both-enjoy-20-off-on-treatments-at-lush-skin-clinique
Enjoy 20% savings at Mount Lavinia Hotel when you pay with your Peopleâ€™s Bank Credit Card,https://mypromo.azureedge.net/promotions/mypromo-9eceb8a3a97242199eaaa0c1eae7828c.jpg,"No.100, Hotel Road",7/5/2025,31/05/2025,Hotels & Accommodation,Mount Lavinia Hotel,"No.100, Hotel Road",94112711711,https://www.mypromo.lk/mountlaviniahotel/promotion/22488/enjoy-20-savings-at-mount-lavinia-hotel-when-you-pay-with-your-peopleâ€™s-bank-credit-card
Enjoy the long weekend with special offer at Pegasus Reef Hotel,https://mypromo.azureedge.net/promotions/mypromo-9b2c60b2a7dd4ac3a79d800f96a1de66.jpg,"reate lasting memories with your loved ones. At Pegasus Reef, your comfort is our priority.Book now and enjoy zero charges for your kids!Whatsapp 076 3056 555 for your reservation",10/5/2025,31/05/2025,Hotels & Accommodation,Pegasus Reef Hotel,"P.O.Box 02, Hendala",94112049600,https://www.mypromo.lk/pegasusreef/promotion/22456/enjoy-the-long-weekend-with-special-offer-at-pegasus-reef-hotel
Enjoy 20% DISCOUNT on TOTAL BILL with HSBC Credit Cards at Softlogic GLOMARK,https://mypromo.azureedge.net/promotions/mypromo-e80d0254a7de4ec69f08db2f3f9ffa55.jpg,"Enjoy 20% DISCOUNT on TOTAL BILL with HSBC Credit Cards on Every Wednesday till 21st May 2025. Valid at all GLOMARK outlets andÂ glomark.lk.Conditions â€“- Minimum Total Bill Value â€“ 5,000/-- Maximum Discount (Credit) â€“ 4,000/-- Maximum 5 units/ 5kg per product- One Transaction Per Card, Per day- Excluding â€“ Milk Foods, Eggs, Milk powder, Over the counter products, Malt products, Infant foods, Whole chicken, Hot food, Sugar, Flour, Rice, Pulses, Coconuts, Liquor, Tobacco, Gift vouchers, Electronics, Hampers, Pharmaceuticals, & Furniture.*Conditions apply",7/5/2025,21/05/2025,Retail,Softlogic GLOMARK,Colombo,+94 115 770 000,https://www.mypromo.lk/glomark/promotion/22458/enjoy-20-discount-on-total-bill-with-hsbc-credit-cards-at-softlogic-glomark
Summer offer at Suriya Resort,https://mypromo.azureedge.net/promotions/mypromo-61cc96a952eb4f68ada052ff9521c6e4.jpg,"Escape in Style â€“ 30% OFF This SummerIndulge in a serene retreat at Suriya Luxury Resort, Waikkala, where beach, lagoon, and sunset come together in perfect harmonyIdeal for romantic getaways, quality family time, or peaceful solo stays.Experience true relaxation in a luxury setting.Limited-time offer â€“ reserve your stay today.Reservations: 076 8221059 |076 8399267",6/5/2025,15/07/2025,Hotels & Accommodation,Suriya Resort,Kammala Road,94312277775,https://www.mypromo.lk/suriyaresort/promotion/22463/summer-offer-at-suriya-resort
Cyber Monday at Chinese Dragon Cafe,https://mypromo.azureedge.net/promotions/mypromo-c6a8a195876e48c29c024594ec6f34e4.jpg,"Get a spicy 30% OFF your favourite Chinese Dragon dishes when you order onlinePromo Code: CM30Valid on May 5th, 12th, 19th & 26thOrders above Rs.3000 | A la carte menu onlyOrder now:Â www.chinesedragoncafe.com",5/5/2025,26/05/2025,Food,Chinese Dragon Cafe,"No. 11, Miligiriya Avenue",94117808080,https://www.mypromo.lk/chinesedragoncafe/promotion/22464/cyber-monday-at-chinese-dragon-cafe
SPAR Super saver month,https://mypromo.azureedge.net/promotions/mypromo-cfc7e2ba1eea41c3aea684d8795f6f3e.jpg,BANK OFFERS GALORE on selected credit and debit cards.See post for more details(T&C Apply),6/5/2025,31/05/2025,Retail,SPAR Sri Lanka,Pannipitiya Road,+94 115007200,https://www.mypromo.lk/sparsrilanka/promotion/22465/spar-super-saver-month
Celebrate Vesak in Style at The Argyle,https://mypromo.azureedge.net/promotions/mypromo-562344dc6f2a42d1b178716a063cdf66.jpg,"Reconnect with your loved ones this Vesak with our Family Getaway Package â€” where togetherness meets tranquility.Special family rates |Â Free kids' meals |Â 10% off second night!Enjoy 24-hour service, an international buffet, and a relaxing heated pool.Offer valid till 31st May 2025 â€“ Book now and make memories that last!+94 51 203 0000 |076 388 6846reservations@theargylevillas.com",6/5/2025,31/05/2025,Hotels & Accommodation,The Argyle - Luxury Boutique Hotel,"Kudaoya Estate, Argyle Rd, à·„à·à¶§à¶±à·Š 22000, Sri Lanka",0512 030 000,https://www.mypromo.lk/the-argyle-luxury-boutique-hotel/promotion/22466/celebrate-vesak-in-style-at-the-argyle
Blossom this may with relaxing getaway at The Argyle,https://mypromo.azureedge.net/promotions/mypromo-ed295f931a1142749e962a954aab6cbf.jpg,"ğ‘¬ğ’ğ’‹ğ’ğ’š ğ’‚ğ’ ğ’–ğ’ğ’‡ğ’ğ’“ğ’ˆğ’†ğ’•ğ’•ğ’‚ğ’ƒğ’ğ’† ğ’†ğ’”ğ’„ğ’‚ğ’‘ğ’† ğ’˜ğ’Šğ’•ğ’‰ ğ’”ğ’•ğ’–ğ’ğ’ğ’Šğ’ğ’ˆ ğ’—ğ’Šğ’†ğ’˜ğ’”, ğ’ğ’–ğ’™ğ’–ğ’“ğ’š ğ’„ğ’ğ’ğ’‡ğ’ğ’“ğ’•ğ’”, ğ’‚ğ’ğ’… 10% ğ’ğ’‡ğ’‡ ğ’ğ’ ğ’”ğ’‘ğ’‚ ğ’•ğ’“ğ’†ğ’‚ğ’•ğ’ğ’†ğ’ğ’•ğ’” & ğ’ƒğ’†ğ’—ğ’†ğ’“ğ’‚ğ’ˆğ’†ğ’”.ğ‘³ğ’†ğ’• ğ’•ğ’‰ğ’† ğ‘ªğ’‚ğ’ğ’šğ’‘ğ’”ğ’ ğ’ƒğ’‚ğ’ğ’… ğ’”ğ’†ğ’• ğ’•ğ’‰ğ’† ğ’‘ğ’†ğ’“ğ’‡ğ’†ğ’„ğ’• ğ’ğ’ğ’ğ’… ğ’‚ğ’” ğ’šğ’ğ’– ğ’–ğ’ğ’˜ğ’Šğ’ğ’… ğ’Šğ’ ğ’‘ğ’‚ğ’“ğ’‚ğ’…ğ’Šğ’”ğ’†.á´ á´€ÊŸÉªá´… á´œÉ´á´›ÉªÊŸ 31êœ±á´› á´Šá´œÊŸÊá´…Ê™ÊŸ êœ°Ê™ É´á´„á´› â€“ Ê€êœ±. 47,000 | á´›á´˜ÊŸ êœ°Ê™ É´á´„á´› â€“ Ê€êœ±. 57,000",6/5/2025,31/07/2025,Hotels & Accommodation,The Argyle - Luxury Boutique Hotel,"Kudaoya Estate, Argyle Rd, à·„à·à¶§à¶±à·Š 22000, Sri Lanka",0512 030 000,https://www.mypromo.lk/the-argyle-luxury-boutique-hotel/promotion/22467/blossom-this-may-with-relaxing-getaway-at-the-argyle
Make your birthday extra sweet with 25% off at Cinnamon Grand,https://mypromo.azureedge.net/promotions/mypromo-7ab534730bc94001a4369042bd1c1cab.jpg,"Everyday7am - MidnightCoffee Stop*To enjoy this offer, kindly present your NIC as proof of your birthday when orderingContact us on +94 77 395 6324 for enquiries and orders*Terms & conditions apply",5/5/2025,31/12/2025,Food,Cinnamon Grand,"No. 77, Galle Road",94112437437,https://www.mypromo.lk/cinnamongrandcolombo/promotion/22454/make-your-birthday-extra-sweet-with-25-off-at-cinnamon-grand
Super Savings with Your NDB Credit Card!,https://mypromo.azureedge.net/promotions/mypromo-030a86c83f82444cb807ae6f39426df7.jpg,"This May, enjoy exclusive discounts at your favorite supermarkets from Keells, Glomark, Arpico, Laugfs, Spar and Cargills.",5/5/2025,31/05/2025,Banks,National Development Bank,"No. 40, Nawam Mawatha",94112448888,https://www.mypromo.lk/ndb/promotion/22450/super-savings-with-your-ndb-credit-card!
CYBER SAVINGS from Pizza Hut!,https://mypromo.azureedge.net/promotions/mypromo-fb1b84506cbe4fcd9b637afc4b1ed740.jpg,Buy A Signature OR Classic Large Pizza + 1 Fries + 1 Select Appetizer + 1 Jumbo Coke for just Rs.4400!Buy A Signature OR Classic Medium Pizza + 1 Fries + 1 Select Appetizer + 1 Pet Coke for just Rs.2950 !Available exclusively for ONLINE orders made onÂ www.pizzahut.lkÂ or the Pizza Hut app.Valid till 31st May 2025,5/5/2025,31/05/2025,Food,Pizza Hut,"No. 321/A, Union Place",94112729729,https://www.mypromo.lk/pizzahut/promotion/22441/cyber-savings-from-pizza-hut!
"Enjoy up to 30% off with Sampath Bank Cards for Vegetables, Fruit, Meat & Fish at Softlogic GLOMARK",https://mypromo.azureedge.net/promotions/mypromo-1dff0bd8b5b14023b23b79cd3134f0fe.jpg,"Enjoy 30% OFF with Sampath Bank Credit Cards and 20% OFF for Sampath Bank Debit Cards for Vegetables, Fruit, Meat & Fish. Offer available at your nearest GLOMARK outlet &Â www.glomark.lkÂ on every Monday till 26th May 2025.Conditions -- Minimum Bill Value 4,000/-- Maximum Discount (Credit) 3,000/-- Maximum Discount (Debit) 2,000/-- 5 Units/ 5kg Per Product | Per Card, Per day.- Excluding - Packed or Processed: Vegetables, Fruit, Meat & Seafood.*Conditions apply",5/5/2025,26/05/2025,Retail,Softlogic GLOMARK,Colombo,+94 115 770 000,https://www.mypromo.lk/glomark/promotion/22443/enjoy-up-to-30-off-with-sampath-bank-cards-for-vegetables-fruit-meat--fish-at-softlogic-glomark
Enjoy up to 25% discount with Peoples bank Cards at Softlogic GLOMARK,https://mypromo.azureedge.net/promotions/mypromo-5de47fa656bb431b82051ec2f1a5f630.jpg,"Enjoy 25% DISCOUNT with Peopleâ€™s Bank Credit Cards and 10% DISCOUNT with Peoples Bank Debit Cards on your Total Bill, every Tuesday until 27th of May 2025. Shop at any GLOMARK outlet or online viaÂ www.glomark.lk.Conditions â€“â€¢ Minimum Total Bill Value â€“ Rs. 5,000/-â€¢ Maximum Discount (Credit) â€“ Rs. 5,000/-â€¢ Maximum Discount (Debit) â€“ Rs. 2,000/-â€¢ Maximum 5 units/ 5kg per productâ€¢ One Transaction Per Card, Per dayâ€¢ Excluding â€“ Milk Foods, Eggs, Milk powder, Over the counter products, Malt products, Infant foods, Whole chicken, Hot food, Sugar, Flour, Rice, Pulses, Coconuts, Liquor, Tobacco, Gift vouchers, Electronics, Hampers, Pharmaceuticals, & Furniture.*Conditions apply",5/5/2025,27/05/2025,Retail,Softlogic GLOMARK,Colombo,+94 115 770 000,https://www.mypromo.lk/glomark/promotion/22444/enjoy-up-to-25-discount-with--peoples-bank-cards-at-softlogic-glomark
Elevate your elegance with AmantÃ© at Fashion BugBest fashion retailers,https://mypromo.azureedge.net/promotions/mypromo-c5ca1b9f620447fd8789d72849c9a3e2.jpg,Buy 2 bras and get 25% OFF.Offer valid from 3rd to 18th May only.Donâ€™t miss this exclusive deal!,3/5/2025,18/05/2025,Fashion,Fashion Bug,"No. 405, Colombo Road, Pepiliyana",94112809900,https://www.mypromo.lk/fashionbug/promotion/22435/elevate-your-elegance-with-amantÃ©-at-fashion-bug
Peopleâ€™s Bank cardholders enjoy up to 20% off on lunch and dinner buffet at Blue Orbit by Citrus,https://mypromo.azureedge.net/promotions/mypromo-97dc347a71c44acdad4cebc6bb0f3865.jpg,"Indulge in a world-class buffet experience at Blue Orbit by Citrus, South Asiaâ€™s highest revolving restaurant at the Colombo Lotus Tower.Best restaurants near me",1/5/2025,31/05/2025,Food,Blue Orbit by Citrus,"27th Floor, Colombo Lotus Tower, AC6, Colombo 01000, Sri Lanka",076 544 3333,https://www.mypromo.lk/blue-orbit-by-citrus/promotion/22436/peopleâ€™s-bank-cardholders-enjoy-up-to-20-off-on-lunch-and-dinner-buffet-at-blue-orbit-by-citrus
Enjoy up to 20% Savings on Lunch & dinner buffets for Commercial bank Cardholders at Blue Orbit by Citrus,https://mypromo.azureedge.net/promotions/mypromo-9831a98e56c8426aa32f2927007c6154.jpg,Experience exquisite dining at Blue Orbit by Citrus in the iconic Colombo Lotus Tower.Best restaurants near me,1/5/2025,31/05/2025,Food,Blue Orbit by Citrus,"27th Floor, Colombo Lotus Tower, AC6, Colombo 01000, Sri Lanka",076 544 3333,https://www.mypromo.lk/blue-orbit-by-citrus/promotion/22437/enjoy-up-to-20-savings-on-lunch--dinner-buffets-for-commercial-bank-cardholders-at-blue-orbit-by-citrus
Exclusive Savings for HNB Cardholders at Blue Orbit by Citrus,https://mypromo.azureedge.net/promotions/mypromo-2eb137736e4d42deb9a1606d355beb7a.jpg,"Experience exquisite dining at Blue Orbit by Citrus in the iconic Colombo Lotus Tower. From 1st - 31st May 2025, enjoy up to 20% savings on our luxurious lunch and dinner buffets!Best restaurants near me20% savings with HNB Club Visa Infinite, Infinite, Signature & World Mastercard Credit Cards (Max. 5 members per card)10% savings for all HNB Credit Cards (Max. 4 members per card)10% savings for all HNB Debit Cards (Max. 2 members per card)Offer valid on food only.Terms and conditions apply.",1/5/2025,31/05/2025,Food,Blue Orbit by Citrus,"27th Floor, Colombo Lotus Tower, AC6, Colombo 01000, Sri Lanka",076 544 3333,https://www.mypromo.lk/blue-orbit-by-citrus/promotion/22438/exclusive-savings-for-hnb-cardholders-at-blue-orbit-by-citrus
May Staycation at Hotel Topaz,https://mypromo.azureedge.net/promotions/mypromo-b2afc2f90a2b4b2f94414aa42fed0fb5.jpg,"Escape to the Hills this MayUnwind with a cosy staycation at Hotel Topaz â€” where comfort, good company, and little luxuries await.LKR 15,000 Nett Per PersonIncludes:Evening tea & snacksDedicated gathering space for your groupBYOB-friendly10% off on Food & BeveragesComplimentary pick-up & drop-off from Kandy Railway Station",2/5/2025,31/05/2025,Hotels & Accommodation,Hotel Topaz,Anniewatte,15802898167,https://www.mypromo.lk/hoteltopaz/promotion/22425/may-staycation-at-hotel-topaz
Unwind with a delightful evening tea experience at Club Palm Bay,https://mypromo.azureedge.net/promotions/mypromo-475c1e1649994deeac78729a2e9ec744.jpg,"Daily | 3:00 PM â€“ 6:00 PMLKR 2,750 per personWhatâ€™s Included:Evening snack buffetComplimentary pool accessSpecial Offers:One dines free with every group of 10.Enjoy discounts on Ayurveda treatments during tea hours.Complimentary cake for guests celebrating their birthday.Changing room facility available for groups of 20 or more.No corkage fee until 6:00 PM.Team building activities available on request.Call now to book: 074 393 7287",2/5/2025,31/12/2025,Food,Club Palm Bay,"Thalawila Wella, Thoduwawa",94322255831,https://www.mypromo.lk/clubpalmbay/promotion/22429/unwind-with-a-delightful-evening-tea-experience-at-club-palm-bay
Style meets savings at Samanmal Life Style Store,https://mypromo.azureedge.net/promotions/mypromo-79192f307e5f423db39a2d86dd883ac6.jpg,Get 20% OFF on Party WearGet 15% OFF on our stunning White Collection*Selected items only | Offer valid till 31st May 2025Visit us at Matara | Panadura | EmbilipitiyaShop now:Â www.samanmal.lk,2/5/2025,31/05/2025,Fashion,Samanmal,"236,Rathnapura road Pallegama, Embilipitiya, Sri Lanka",0472 262 277,https://www.mypromo.lk/samanmal/promotion/22433/style-meets-savings-at-samanmal-life-style-store
Enjoy the best savings on bank cards and save up this May at Cargills Food City,https://mypromo.azureedge.net/promotions/mypromo-55be2897246f4cae82e1cee2d873e84b.jpg,"No.40, York Street",1/5/2025,31/05/2025,Retail,Cargills Food City,"No.40, York Street",94112427777,https://www.mypromo.lk/cargillsfoodcity/promotion/22421/enjoy-the-best-savings-on-bank-cards-and-save-up-this-may-at-cargills-food-city
Enjoy 20% DISCOUNT on TOTAL BILL with Commercial Bank Credit Cards at Softlogic GLOMARK,https://mypromo.azureedge.net/promotions/mypromo-73f11a1cb97c44cf9a817291c2c105b0.jpg,"Enjoy 20% DISCOUNT on TOTAL BILL with Commercial Bank Credit Cards, every Thursday till the 22nd of May 2025. Shop at any GLOMARK outlet or online viaÂ glomark.lk.Conditions â€“â€¢ Minimum Total Bill Value â€“ Rs. 5,000/-â€¢ Maximum Discount (Credit) â€“ Rs. 4,000/-â€¢ Maximum 5 units/ 5kg per productâ€¢ One Transaction Per Card, Per dayâ€¢ Excluding â€“ Milk Foods, Eggs, Milk powder, Over the counter products, Malt products, Infant foods, Whole chicken, Hot food, Sugar, Flour, Rice, Pulses, Coconuts, Liquor, Tobacco, Gift vouchers, Electronics, Hampers, Pharmaceuticals, & Furniture.*Conditions apply",2/5/2025,22/05/2025,Retail,Softlogic GLOMARK,Colombo,+94 115 770 000,https://www.mypromo.lk/glomark/promotion/22422/enjoy-20-discount-on-total-bill-with-commercial-bank-credit-cards-at-softlogic-glomark
Exclusive Savings for DFCC Cardholders at Blue Orbit by Citrus,https://mypromo.azureedge.net/promotions/mypromo-20fae514b4334a418c61de838690b269.jpg,"Experience exquisite dining at Blue Orbit by Citrus in the iconic Colombo Lotus Tower. From 01st to 31st May 2025, enjoy 20% Savings on Lunch & Dinner Buffet for DFCC CREDIT CARDHOLDERS.(Excluding DFCC Corporate Credit Cards)",1/5/2025,31/05/2025,Food,Blue Orbit by Citrus,"27th Floor, Colombo Lotus Tower, AC6, Colombo 01000, Sri Lanka",076 544 3333,https://www.mypromo.lk/blue-orbit-by-citrus/promotion/22423/exclusive-savings-for-dfcc-cardholders-at-blue-orbit-by-citrus
Day package at Sigiriya Village,https://mypromo.azureedge.net/promotions/mypromo-8371d6da268f42728c6da4db2534dcc5.jpg,"Relax and recharge in the shadow of the Lion Rock with our exclusive day packageInclusions:Welcome drink on arrivalLunch buffetSwimming pool accessEvening tea/coffee with a snackDay room access from 9:00 AM to 4:00 PMRates:Weekdays â€“ LKR 11,250 per personWeekends & Long Weekends â€“ LKR 13,750 per personCall for more information : 076 140 3472",1/5/2025,30/06/2025,Hotels & Accommodation,Sigiriya Village,"No.1, Sigiriya Road",94662286803,https://www.mypromo.lk/sigiriyavillage/promotion/22412/day-package-at-sigiriya-village
Make a splash this summer at The Palms,https://mypromo.azureedge.net/promotions/mypromo-ef1778e49b5c499dbad823be12371ec7.jpg,"Weekdays - 30,000 Full board double sharingWeekends & Long Weekend - 40,000 Full board double sharingCall us on : 077 830 9859",1/5/2025,30/06/2025,Hotels & Accommodation,The Palms,Moragalla,94342276041,https://www.mypromo.lk/thepalms/promotion/22406/make-a-splash-this-summer-at-the-palms
A Day at The Beach at The Palms,https://mypromo.azureedge.net/promotions/mypromo-6b76aec8fc3f47628620996abb890196.jpg,"Unwind and soak up the sun at The Palms, Beruwala, your perfect beachfront escape.Weekday Rate: LKR 12,250 per person | Weekend Rate: LKR 14,750 per personValid from 1st May â€“ 30th June 2025Call 077 830 9859",1/5/2025,30/06/2025,Hotels & Accommodation,The Palms,Moragalla,94342276041,https://www.mypromo.lk/thepalms/promotion/22407/a-day-at-the-beach-at-the-palms
"Summer Deal at Club Palm Bay, Marawila",https://mypromo.azureedge.net/promotions/mypromo-ddcc008ba2304619a7474fbb19e18e8e.jpg,"Whether it's a weekday getaway or a long weekend adventure, we have the perfect offer for youWeekdays - 27,500 Full board double sharingWeekends & Long Weekend - 37,500 Full board double sharingCall us on : 070 391 579",1/5/2025,30/06/2025,Hotels & Accommodation,Club Palm Bay,"Thalawila Wella, Thoduwawa",94322255831,https://www.mypromo.lk/clubpalmbay/promotion/22408/summer-deal-at-club-palm-bay-marawila
Enjoy 50% savings at Pizza Hut with Nations Trust Bank American Express,https://mypromo.azureedge.net/promotions/mypromo-424413890e304a7887f01c36af3c6715.jpg,"Valid on 26th April, 24th May & 28th June 2025 on dine-in, takeaway, & delivery orders via hotline.",26/04/2025,28/06/2025,Food,Pizza Hut,"No. 321/A, Union Place",94112729729,https://www.mypromo.lk/pizzahut/promotion/22410/enjoy-50-savings-at-pizza-hut-with-nations-trust-bank-american-express
Relax in style at Hotel Topaz with an exclusive offer,https://mypromo.azureedge.net/promotions/mypromo-d451aad5067140e880a87c4536df2cd3.jpg,"Rs.15,000 per person on half board basisValid only from 18th April till 30th JuneChild sharing with parents (below 10 years ) stays FREECall now on077 211 0708",18/04/2025,30/06/2025,Hotels & Accommodation,Hotel Topaz,Anniewatte,15802898167,https://www.mypromo.lk/hoteltopaz/promotion/22395/relax-in-style-at-hotel-topaz-with-an-exclusive-offer
Crispy Box for 1 at Popeyes Sri Lanka,https://mypromo.azureedge.net/promotions/mypromo-788f22bb7e7a4b67a2f08458b720bf49.jpg,282 Galle Rd,22/04/2025,31/12/2025,Food,Popeyes Sri Lanka,282 Galle Rd,+94 115 123 123,https://www.mypromo.lk/popeyeslk/promotion/22396/crispy-box-for-1-at-popeyes-sri-lanka
Seafood Box for 2 at Popeyes Sri Lanka,https://mypromo.azureedge.net/promotions/mypromo-9277d5f276454a7488c66c577dffd43d.jpg,282 Galle Rd,22/04/2025,31/12/2025,Food,Popeyes Sri Lanka,282 Galle Rd,+94 115 123 123,https://www.mypromo.lk/popeyeslk/promotion/22397/seafood-box-for-2-at-popeyes-sri-lanka
Grilled Box for 1 at Popeyes Sri Lanka,https://mypromo.azureedge.net/promotions/mypromo-9576125a29ba42e6965429d4f2969e0a.jpg,282 Galle Rd,22/04/2025,31/12/2025,Food,Popeyes Sri Lanka,282 Galle Rd,+94 115 123 123,https://www.mypromo.lk/popeyeslk/promotion/22398/grilled-box-for-1-at-popeyes-sri-lanka
Grilled box for 2 at Popeyes Sri Lanka,https://mypromo.azureedge.net/promotions/mypromo-ac042cc52dfe4715bc9102d32e9216a5.jpg,282 Galle Rd,22/04/2025,31/12/2025,Food,Popeyes Sri Lanka,282 Galle Rd,+94 115 123 123,https://www.mypromo.lk/popeyeslk/promotion/22399/grilled-box-for-2-at-popeyes-sri-lanka
Seafood box for 1 at Popeyes Sri Lanka,https://mypromo.azureedge.net/promotions/mypromo-8e13587669f2486d85e22807e038345f.jpg,282 Galle Rd,22/04/2025,31/12/2025,Food,Popeyes Sri Lanka,282 Galle Rd,+94 115 123 123,https://www.mypromo.lk/popeyeslk/promotion/22400/seafood-box-for-1-at-popeyes-sri-lanka
Crispy Box for 2 at Popeyes Sri Lanka,https://mypromo.azureedge.net/promotions/mypromo-5a5d2fb0320b48bda6bad09cd0d3c038.jpg,282 Galle Rd,22/04/2025,31/12/2025,Food,Popeyes Sri Lanka,282 Galle Rd,+94 115 123 123,https://www.mypromo.lk/popeyeslk/promotion/22401/crispy-box-for-2-at-popeyes-sri-lanka
Get 30% OFF at Dickwella Resort & Spa by Browns Hotels & Resorts,https://mypromo.azureedge.net/promotions/mypromo-7cadb5b29f0846779e1de490cbfe2b12.jpg,Offer valid till 31st MayUse code: SOUTH30,22/04/2025,31/05/2025,Hotels & Accommodation,Dickwella Resort,Batheegama,94412255271,https://www.mypromo.lk/dickwellaresort/promotion/22404/get-30-off-at-dickwella-resort--spa-by-browns-hotels--resorts
Book on Half Board and enjoy a FREE upgrade to FULL BOARD at Citrus HIKKADUWABuy bestselling books online,https://mypromo.azureedge.net/promotions/mypromo-4e9d99e5deb644cf8da7700a89e9436e.jpg,"No. 400, Galle Road",22/04/2025,30/06/2025,Hotels & Accommodation,Citrus Hikkaduwa,"No. 400, Galle Road",94915560001,https://www.mypromo.lk/citrushikkaduwa/promotion/22405/book-on-half-board-and-enjoy-a-free-upgrade-to-full-board-at-citrus-hikkaduwa
A sea of flavour & unlimited sips at Cinnamon Grand,https://mypromo.azureedge.net/promotions/mypromo-ffc9f190c06440ea82457bcbe24f317c.jpg,"Dive into the finest seafood buffet, paired with unlimited special beveragesEvery SundayNoon â€“ 3 PMAll you can eat â€“ LKR 6,500 nett per personAll you can eat & sip â€“ 8,900 LKR nett per personCall for reservations 0112437437 or WhatsApp 0765604972*Terms & conditions apply",12/4/2025,28/12/2025,Food,Cinnamon Grand,"No. 77, Galle Road",94112437437,https://www.mypromo.lk/cinnamongrandcolombo/promotion/22386/a-sea-of-flavour--unlimited-sips-at-cinnamon-grand
Enjoy fantastic discounts on your People's Bank Credit cards when you dine at Mahaweli Reach,https://mypromo.azureedge.net/promotions/mypromo-8d849ffd1edb4ddabcb29986fe00fbc2.jpg,Offer valid till December 2025!Call 081 247 2727 for inquiries!T&C Apply,11/4/2025,31/12/2025,Food,Mahaweli Reach Hotel,"No. 35, P.B.A.Weerakoon Mawatha",812472727,https://www.mypromo.lk/mahawelireachhotel/promotion/22373/enjoy-fantastic-discounts-on-your-people's-bank-credit-cards-when-you-dine-at-mahaweli-reach
Enjoy 35% savings at DHL on export rates for documents & parcels with Nations Trust Bank American Express Personal & Corporate Cards,https://mypromo.azureedge.net/promotions/mypromo-d8ed44e08daf49b49de5b72fe4340ca2.jpg,Offer valid for walk-in customers at DHL ServicePoints.,12/4/2025,30/06/2025,Banks,Nations Trust Bank,"No. 242, Union Place",94114711411,https://www.mypromo.lk/ntb/promotion/22374/enjoy-35-savings-at-dhl-on-export-rates-for-documents--parcels-with-nations-trust-bank-american-express-personal--corporate-cards
Lunch buffet at Granbell Hotel Colombo,https://mypromo.azureedge.net/promotions/mypromo-9090f908fb8f466282fd3f731f7a73cd.jpg,"Dive into an epic spread at our Daily Lunch Buffet from Monday to Friday â€” flavor-packed, satisfying, and just what you need to power through the day!12:00 PM - 3:00 PM (Monday - Friday)LKR 3,950 NettAll Day Dining Restaurant, Granbell ColomboBest restaurants near meReservations: +94 77 889 4083",11/4/2025,31/12/2025,Food,Granbell Hotel Colombo,"282/5 Kollupitiya Road, Marine Drive, Colombo 3, Sri Lanka",0112 397 397,https://www.mypromo.lk/granbell-hotel-colombo/promotion/22365/lunch-buffet-at-granbell-hotel-colombo
Sunday Lunch Buffet at Granbell Hotel Colombo,https://mypromo.azureedge.net/promotions/mypromo-b295ad0acb944e8181a8940a384c9ea0.jpg,"Gather your friends & family for a sumptuous Sunday Lunch Buffet at the All Day Dining Restaurant! Indulge in a spread of delicious flavors and make your weekend extra special. Want to elevate your experience? Go for the unlimited beer option and sip your way through a perfect afternoon!Best restaurants near me12:30 PM - 3:00 PMLKR 4,500 nett per person | LKR 5,800 Nett per person with unlimited beerAll Day Dining RestaurantReservations: 077 889 4083",11/4/2025,28/12/2025,Food,Granbell Hotel Colombo,"282/5 Kollupitiya Road, Marine Drive, Colombo 3, Sri Lanka",0112 397 397,https://www.mypromo.lk/granbell-hotel-colombo/promotion/22366/sunday-lunch-buffet-at-granbell-hotel-colombo
Granbell Hotel Colombo,https://mypromo.azureedge.net/promotions/mypromo-8fdd45f382dc451b85029d10a068fa8f.jpg,"Unwind with an exquisite High Tea Buffet at Granbell Colombo, every Saturday from 3.00 pm to 5.00 pm.Indulge in a refined selection of delicate pastries, savoury bites, and refreshing teas.LKR 4,200 nett per personAll-Day Dining RestaurantBest restaurants near meCall or WhatsApp: 077 889 4083Reserve your table today â€“ limited seating available!",11/4/2025,31/12/2025,Food,Granbell Hotel Colombo,"282/5 Kollupitiya Road, Marine Drive, Colombo 3, Sri Lanka",0112 397 397,https://www.mypromo.lk/granbell-hotel-colombo/promotion/22363/granbell-hotel-colombo
Chinese & western night with lavish dinner buffet at The Argyle - Luxury Boutique Hotel,https://mypromo.azureedge.net/promotions/mypromo-2ef907f231c24f9db3226e2de7b52c20.jpg,ğ‘ªğ’‰ğ’Šğ’ğ’†ğ’”ğ’† & ğ‘¾ğ’†ğ’”ğ’•ğ’†ğ’“ğ’ ğ‘µğ’Šğ’ˆğ’‰ğ’•Lavish dinner buffetÂ | Flavours from East & West,7/4/2025,30/12/2025,Food,The Argyle - Luxury Boutique Hotel,"Kudaoya Estate, Argyle Rd, à·„à·à¶§à¶±à·Š 22000, Sri Lanka",0512 030 000,https://www.mypromo.lk/the-argyle-luxury-boutique-hotel/promotion/22316/chinese--western-night-with-lavish-dinner-buffet-at-the-argyle---luxury-boutique-hotel
High Tea experience at ME Colombo,https://mypromo.azureedge.net/promotions/mypromo-d94b0f4d279e48a6bb13e5d0845ebe5d.jpg,Unwind with an elegant High Tea experience against the breathtaking Colombo skyline!Â Indulge in a curated platter for two from 3 PM to 5 PM and enjoy complimentary pool access for the perfect afternoon retreat.Call or WhatsApp 071 27 31 434 | 071 21 34 444,6/4/2025,31/12/2025,Food,ME Colombo,"16, Park Road 00500 Colombo, Sri Lanka",+94 71 213 4444,https://www.mypromo.lk/ME-Colombo/promotion/22290/high-tea-experience-at-me-colombo
Check out the Burger King's Family Combos,https://mypromo.azureedge.net/promotions/mypromo-501fe14a41484981a1c3d72a3cd402ed.jpg,"No. 283, Galle Road",4/4/2025,31/12/2025,Food,Burger King,"No. 283, Galle Road",94115123123,https://www.mypromo.lk/burgerking/promotion/22241/check-out-the-burger-king's-family-combos
High Tea at Cinnamon Grand,https://mypromo.azureedge.net/promotions/mypromo-17457ddb2960497da8e51b297267e8b0.jpg,"Enjoy curated high tea with premium teas and delightful treatsNon Veg High Tea - LKR 7,500 (nett per platter for two)Veg High Tea - LKR 6,500 (nett per platter for two)Everyday3PM - 6PMTea LoungeContact us on 0112437437 or WhatsApp 076 560 4972 for reservations and inquiries.*Terms & conditions apply",24/03/2025,31/12/2025,Food,Cinnamon Grand,"No. 77, Galle Road",94112437437,https://www.mypromo.lk/cinnamongrandcolombo/promotion/22147/high-tea-at-cinnamon-grand
20% Savings on Total Bill at KFC with Cargills Bank Cards,https://mypromo.azureedge.net/promotions/mypromo-b48e481227e84262830ba57675b9a2ad.jpg,York Street,19/03/2025,31/12/2025,Food,KFC Sri Lanka,York Street,94115532532,https://www.mypromo.lk/kfc/promotion/22130/20-savings-on-total-bill-at-kfc-with-cargills-bank-cards
20% Savings on Total bill at TGI Fridays with Cargills bank Cards,https://mypromo.azureedge.net/promotions/mypromo-bb56435d27034d648be9e0344cd6413d.jpg,"No. 23, Canal Row",19/03/2025,31/12/2025,Food,TGI Fridays Sri Lanka,"No. 23, Canal Row",94112337501,https://www.mypromo.lk/tgifridays/promotion/22131/20-savings-on-total-bill-at-tgi-fridays-with-cargills-bank-cards
Buffets at Clement's Restaurant and BanquetBest restaurants near me,https://mypromo.azureedge.net/promotions/mypromo-043e2c5643be4dd5ad8e0924583e038a.jpg,"Unlimited Sri Lankan lunch buffet (Monday - Friday | 12-3pm)Sri Lanka's first ever bites buffet (Fridays | 7-10pm)Sri Lankan lunch buffet, with pork curry (Saturdays | 12 - 3pm)Signature Sri Lankan dinner buffet (Saturdays | 7-10pm)Special Sunday international lunch buffet (Sundays | 12-3pm)",7/3/2025,31/12/2025,Food,Clement's Restaurant and Banquet,"No. 21, Station Road",94117208797,https://www.mypromo.lk/clementsrestaurantand Banquet/promotion/22077/buffets-at-clement's-restaurant-and-banquet
Escape the routine and unwind with a luxurious staycation for all local and resident guests at Taj Samudra,https://mypromo.azureedge.net/promotions/mypromo-d745bdc2f16a438688e843522ff4d6c2.jpg,Relax. Dine. Rejuvenate.Book your escape today! 011-2446622.,3/3/2025,30/09/2025,Hotels & Accommodation,Taj Samudra,"No.25, Galle Face Road",94112446622,https://www.mypromo.lk/tajsamudra/promotion/22012/escape-the-routine-and-unwind-with-a-luxurious-staycation-for-all-local-and-resident-guests-at-taj-samudra
Enjoy up to 10% OFF with your Seylan Harasara Debit Card at Vision Care,https://mypromo.azureedge.net/promotions/mypromo-566829ef45f64bf4adee8f48113665f7.jpg,Free eye & hearing screenings included!,12/2/2025,31/12/2025,Banks,Seylan Bank,"No. 90, Galle Road",94112456789,https://www.mypromo.lk/seylanbank/promotion/21926/enjoy-up-to-10-off-with-your-seylan-harasara-debit-card-at-vision-care
High Tea Buffet at Mandarina Colombo,https://mypromo.azureedge.net/promotions/mypromo-a477514e3b8141769c6b79f0f0c513e3.jpg,"Limited seats availableâ€¢Saturday and Sunday from 3:30pm to 05:30pm at ""On the Eleventh"", Rooftop Restaurant* T&C apply *Contact for further details and for reservations0711343313 / 07033671220703367118 / 0702583523",10/2/2025,31/12/2025,Food,Mandarina Colombo,"No. 433, Galle Road",94112550660,https://www.mypromo.lk/mandarinacolombo/promotion/21901/high-tea-buffet-at-mandarina-colombo
Dinner buffet at Mandarina Colombo,https://mypromo.azureedge.net/promotions/mypromo-04ccf5719e344b638c573324d02d293a.jpg,Indulge in our delicious daily dinner buffets and treat yourself to a feast fit for royalty* T&C apply *Contact for further details and for reservations0711343313 / 07033671220703367118 / 0702583523,10/2/2025,31/12/2025,Food,Mandarina Colombo,"No. 433, Galle Road",94112550660,https://www.mypromo.lk/mandarinacolombo/promotion/21902/dinner-buffet-at-mandarina-colombo
BBQ Happy Hour at Mitsis Delicacies,https://mypromo.azureedge.net/promotions/mypromo-ca7a4b4406614c1580eb3cc4cbdab2f0.jpg,"Enjoy the Large Ultimate Grilled BBQ Platter worth Rs. 12,000 for only Rs. 8,500 and save Rs. 3,500!Available daily from 7:30 PM to 9:30 PM at Mitsis Delicacies.Donâ€™t miss out on this sizzling deal!No 34A, Bagatalle Rd, Colombo 03.We will be open 9AM to 10.30PM daily.0117 537 375 / 077 716 3090 (WhatsApp)We accept KOKO and Mintpay!",10/2/2025,31/12/2025,Food,Mitsis Delicacies,"No. 34A, Bagatalle Rd",94777163090,https://www.mypromo.lk/mitsisdelicacies/promotion/21904/bbq-happy-hour-at-mitsis-delicacies
"Roast Dinner Night at Dine Restaurant, Radisson Hotel ColomboBest restaurants near me",https://mypromo.azureedge.net/promotions/mypromo-18263c747f6a4000a1c21cbf362ffea2.jpg,"Savor perfectly roasted meats, hearty sides, and rich flavors that make for a feast to remember. Gather your loved ones and join us for a night of comfort and culinary delight!LKR 6,500 nett per personFor reservations call Nuwan on 070 476 4134",10/2/2025,27/12/2025,Food,Radisson Hotel Colombo,"No 36, 38 Clifford Pl, Colombo 00400, Sri Lanka",0112 555 570,https://www.mypromo.lk/radisson-hotel-colombo/promotion/21905/roast-dinner-night-at-dine-restaurant-radisson-hotel-colombo
"Spice up your friday's with an Indian Night at Dine Restaurant, Radisson Hotel ColomboBest restaurants near me",https://mypromo.azureedge.net/promotions/mypromo-96e0fcfa8d7b4eb1ad7330e3afc64fe4.jpg,"Every Friday, indulge in an exquisite spread of authentic Indian delicacies, expertly crafted to bring the rich flavors and vibrant spices of India to your plate. Join us for a night of culinary magic.LKR 5,500 nett per personFor reservations call Nuwan on 070 476 4134.",7/2/2025,26/12/2025,Food,Radisson Hotel Colombo,"No 36, 38 Clifford Pl, Colombo 00400, Sri Lanka",0112 555 570,https://www.mypromo.lk/radisson-hotel-colombo/promotion/21865/spice-up-your-friday's-with-an-indian-night-at-dine-restaurant-radisson-hotel-colombo
Enjoy Exclusive Offers this season with your Amana Bank Card at Dinerâ€™s Lounge RestaurantBest restaurants near me,https://mypromo.azureedge.net/promotions/mypromo-d009a1bb07344429b4afb123da5f981b.jpg,"No 18A, Palmyrah Avenue 00300 Colombo, Sri Lanka",1/1/2025,30/06/2025,Food,Dinerâ€™s Lounge Restaurant,"No 18A, Palmyrah Avenue 00300 Colombo, Sri Lanka",+94 112 599 344,https://www.mypromo.lk/Diners- Lounge/promotion/21852/enjoy-exclusive-offers-this-season-with-your-amana-bank-card-at-dinerâ€™s-lounge-restaurant
Great online deals with tudo.lk using ComBank Credit and Debit Cards,https://mypromo.azureedge.net/promotions/mypromo-f9cf8d60b7724edeaa20fa27e169b969.jpg,Offer terms and conditions,4/2/2025,31/12/2025,Online,Tudo.LK,"237/11, Vijaya Mawatha, Rajamaha Vihara Road, Pita Kotte",0712666666,https://www.mypromo.lk/tudolk/promotion/21820/great-online-deals-with-tudolk-using-combank-credit-and-debit-cards
Great Online (Salary week) deals at tudo.lk with ComBank Credit and Debit Cards,https://mypromo.azureedge.net/promotions/mypromo-82aefe44b4e14d4d9ee9b533f44aff7b.jpg,Offer terms and conditions,4/2/2025,31/12/2025,Online,Tudo.LK,"237/11, Vijaya Mawatha, Rajamaha Vihara Road, Pita Kotte",0712666666,https://www.mypromo.lk/tudolk/promotion/21821/great-online-salary-week-deals-at-tudolk-with-combank-credit-and-debit-cards
High Tea Platter at The Kingsbury Hotel,https://mypromo.azureedge.net/promotions/mypromo-40b3510d3ce0498090c759afdd54b87f.jpg,"A High Tea SoirÃ©e at ChurrosBrighten your weekdays with our exquisite High Tea Platters, complemented by the soothing sounds of piano and the welcoming atmosphere Churros is known for. A wonderful way to share stories and laughter with loved ones or colleagues at one of Colomboâ€™s best five-star hotels.Monday to Thursday | 10:00 a.m. to 6:00 p.m.LKR 3,800 nett per personFor Reservations +94 112 421 221",21/01/2025,31/12/2025,Food,The Kingsbury Hotel,"No. 48, Janathipathi Mawatha",94112421221,https://www.mypromo.lk/thekingsburyhotel/promotion/21767/high-tea-platter-at-the-kingsbury-hotel
Saturday Dinner Buffet at The Tamarind RestaurantBest restaurants near me,https://mypromo.azureedge.net/promotions/mypromo-05e4d767a6274b3ea43a9d4d76c0eeb4.jpg,Saturday dinner | 7 pm to 10.30 pm | Tamarind restaurant | LKR 5200/= nett pp,25/01/2025,27/12/2025,Food,The Grand Kandyan Hotel,"89/10, Lady Gordern's Drive 20000 Kandy, Sri Lanka",94 812 030 400,https://www.mypromo.lk/The-Grand-Kandyan/promotion/21768/saturday-dinner-buffet-at-the-tamarind-restaurant
Rice and Burger combos at Popeyes 2025,https://mypromo.azureedge.net/promotions/mypromo-f8e8f78633334a9e8e3a845eb7bfe3f1.jpg,Spice up your gathering with these mouthwatering Combos by Popeyes,9/1/2025,31/12/2025,Food,Popeyes Sri Lanka,282 Galle Rd,+94 115 123 123,https://www.mypromo.lk/popeyeslk/promotion/21724/rice-and-burger-combos-at-popeyes-2025
Try the Cheesy Triple Treat at KFC Sri Lanka!Cheesy Triple TreatKFC Sri Lanka,https://mypromo.azureedge.net/promotions/mypromo-71674748b0bb4232bd92b18914bc26fd.jpg,"Are you ready to treat your taste buds to a cheesy explosion of flavors? KFC Sri Lanka brings you theCheesy Triple Treat, a mouthwatering burger stacked with three juicy chicken fillets, tangy gherkins, and a generous layer of zesty chili cheese sauce.KFC Sri LankaCheesy Triple Treat",29/11/2024,29/11/2025,Food,KFC Sri Lanka,York Street,94115532532,https://www.mypromo.lk/kfc/promotion/21370/try-the-cheesy-triple-treat-at-kfc-sri-lanka!
Night Beats At Kuruwita Retreat,https://mypromo.azureedge.net/promotions/mypromo-lk-ed9cdde046b84e71a11751528bece728.jpg,"Looking for an unforgettable night of fun, great food, and good vibes?Join us at Kuruwita Retreat for the ultimate party experience!",22/11/2024,21/11/2025,Hotels & Accommodation,Kuruwita Retreat,"R95F+QV5, Kuruwita, Sri Lanka",94773335813,https://www.mypromo.lk/kuruwita-retreat/promotion/21164/night-beats-at-kuruwita-retreat
Burger King Sri Lanka Whopper Wednesday,https://mypromo.azureedge.net/promotions/mypromo-a428125abbb243a285bfbdd50040e99a.jpg,"Celebrate Whopper Wednesday with Burger King Sri Lanka! Enjoy a delicious flame-grilled Chicken Whopper for only Rs. 1,600. Donâ€™t miss this exclusive midweek deal from the Home of the Whopper. Order now and satisfy your cravings!Dine-in, takeaway, or delivery - Have it YOUR WAY!Call 0112 123 123 to get yours today!Terms & Conditions Apply",2/11/2024,2/11/2025,Food,Burger King,"No. 283, Galle Road",94115123123,https://www.mypromo.lk/burgerking/promotion/20913/burger-king-sri-lanka-whopper-wednesday
Burger King Sri Lanka Monster Monday,https://mypromo.azureedge.net/promotions/mypromo-fccbda82b2dc4ec08ffebe17f529adcd.jpg,"Unleash the beast this Monster Monday! ğŸ²Sink your teeth into our Chicken Monster Burger for just Rs. 1,600.Whether you're dining in, taking away, or ordering for delivery, make your Monday monstrously delicious! ğŸ”ğŸ¦‡Best restaurants near meCall 0112 123 123 to order now!",2/11/2024,2/11/2025,Food,Burger King,"No. 283, Galle Road",94115123123,https://www.mypromo.lk/burgerking/promotion/20914/burger-king-sri-lanka-monster-monday
Grab your free Kids Toy at Burger King,https://mypromo.azureedge.net/promotions/mypromo-f02527b298e742fdbb62f35014feba0e.jpg,"No. 283, Galle Road",2/11/2024,2/11/2025,Food,Burger King,"No. 283, Galle Road",94115123123,https://www.mypromo.lk/burgerking/promotion/20909/grab-your-free-kids-toy-at-burger-king
Orders while you are at Home from Shanmugas.com,https://mypromo.azureedge.net/promotions/promo.lk-promo-f4c9bdc60c164277897aee71da61daab.jpg,Order Online | Cash on Delivery | Pay OnlineVisit now:Â www.shanmugas.com,21/05/2018,30/06/2028,Food,Shanmugas,"53/3, Ramakrishna Road",94112361384,https://www.mypromo.lk/shanmugas/promotion/5273/orders-while-you-are-at-home-from-shanmugascom
